product_id,sku_code,product_name,brand,category,subcategory,pack_size_value,pack_size_uom,case_pack,mrp_inr,list_price_inr,gst_rate_pct,hsn_code,shelf_life_days,storage_temp_band,is_chilled,abc_class,min_order_qty_cases,unit_weight_grams,barcode_ean13,launch_date,discontinued_date,supplier_name,status,created_at,updated_at
1,SKU00001,Kestrel Milk 400g,Kestrel,Dairy,Milk,400.0,G,30,293.0,241.56,5.0,705727,20,CHILLED,1,B,1,380.5,8908691111486,2021-01-13,,Kestrel Foods Ltd,ACTIVE,,
2,SKU00002,Bluepeak Milk 750g,Bluepeak,Dairy,Milk,750.0,G,12,354.0,261.82,18.0,621302,9,CHILLED,1,C,2,785.6,8901243070797,2022-06-09,,Marwar Agro,ACTIVE,,
3,SKU00003,Hillfare Milk 1000g,Hillfare,Dairy,Milk,1000.0,G,30,365.0,269.17,0.0,576394,10,CHILLED,1,B,2,1131.3,8908427412106,2023-02-04,,Marwar Agro,ACTIVE,,
4,SKU00004,Kestrel Milk 500g,Kestrel,Dairy,Milk,500.0,G,24,342.0,265.85,12.0,956175,16,CHILLED,1,B,5,524.4,8906830903122,2020-12-04,,Bluepeak Beverages,ACTIVE,,
5,SKU00005,Bluepeak Milk 200g,Bluepeak,Dairy,Milk,200.0,G,24,22.0,17.13,0.0,192505,9,CHILLED,1,A,5,190.2,8902718691039,2023-01-24,,Kestrel Foods Ltd,ACTIVE,,
6,SKU00006,Hillfare Milk 500ml,Hillfare,Dairy,Milk,500.0,ML,8,435.0,331.52,18.0,615420,14,CHILLED,1,A,1,514.6,8901132967107,2021-10-14,,Coastline Marine,ACTIVE,,
7,SKU00007,Kestrel Select Milk 200kg,Kestrel,Dairy,Milk,200.0,KG,6,281.0,203.49,18.0,546431,13,CHILLED,1,B,1,221.5,8907572284102,2020-06-13,,Marwar Agro,ACTIVE,,
8,SKU00008,Coastline Milk 500ml,Coastline,Dairy,Milk,500.0,ML,24,100.0,83.97,12.0,317993,16,CHILLED,1,B,1,547.3,8901302039022,2024-10-22,,Kestrel Foods Ltd,ACTIVE,,
9,SKU00009,Bluepeak Curd 100g,Bluepeak,Dairy,Curd,100.0,G,12,77.0,63.47,5.0,715852,9,CHILLED,1,C,1,98.5,8907503711111,2023-08-02,,Coastline Marine,ACTIVE,,
10,SKU00010,Amrit Valley Curd 500ml,Amrit,Dairy,Curd,500.0,ML,6,52.0,40.69,0.0,883928,15,CHILLED,1,B,2,557.2,8907490210898,2024-01-28,,Marwar Agro,ACTIVE,,
11,SKU00011,Bluepeak Curd 150g,Bluepeak,Dairy,Curd,150.0,G,30,320.0,227.37,5.0,425569,12,CHILLED,1,B,1,166.9,8900014112602,2024-02-16,,Kestrel Foods Ltd,ACTIVE,,
12,SKU00012,Marwar Curd 1000ml,Marwar,Dairy,Curd,1000.0,ML,10,356.0,266.3,0.0,843849,7,CHILLED,1,B,2,1021.2,8900337823505,2022-08-23,,Bluepeak Beverages,ACTIVE,,
13,SKU00013,Hillfare Curd 1000ml,Hillfare,Dairy,Curd,1000.0,ML,10,153.0,104.91,5.0,487119,15,CHILLED,1,C,2,1026.6,8904828696871,2020-05-26,,Hillfare Dairy Co-op,ACTIVE,,
14,SKU00014,Kestrel Select Curd 200kg,Kestrel,Dairy,Curd,200.0,KG,8,179.0,127.91,5.0,942087,8,CHILLED,1,A,5,219.2,8901034363636,2023-05-28,,Marwar Agro,ACTIVE,,
15,SKU00015,Marwar Curd 150ml,Marwar,Dairy,Curd,150.0,ML,30,445.0,320.45,18.0,885228,7,CHILLED,1,A,5,157.0,8908541071148,2020-10-31,,Hillfare Dairy Co-op,ACTIVE,,
16,SKU00016,Coastline Curd 1000ml,Coastline,Dairy,Curd,1000.0,ML,10,407.0,335.5,18.0,369742,17,CHILLED,1,B,5,1121.0,8905595598462,2020-07-08,,Hillfare Dairy Co-op,ACTIVE,,
17,SKU00017,Kestrel Select Curd 750kg,Kestrel,Dairy,Curd,750.0,KG,10,133.0,91.68,5.0,720179,19,CHILLED,1,A,5,714.6,8905437124171,2024-02-07,,Hillfare Dairy Co-op,ACTIVE,,
18,SKU00018,Coastline Curd 400g,Coastline,Dairy,Curd,400.0,G,30,457.0,326.38,18.0,840734,11,CHILLED,1,A,5,457.8,8904719740543,2024-10-15,,Kestrel Foods Ltd,ACTIVE,,
19,SKU00019,Amrit Valley Paneer 200g,Amrit,Dairy,Paneer,200.0,G,30,139.0,98.32,0.0,151522,20,CHILLED,1,A,5,200.3,8909749150326,2023-01-19,,Kestrel Foods Ltd,ACTIVE,,
20,SKU00020,Hillfare Paneer 750ml,Hillfare,Dairy,Paneer,750.0,ML,30,39.0,31.79,18.0,887105,17,CHILLED,1,A,5,775.6,8905277556532,2024-02-11,,Bluepeak Beverages,ACTIVE,,
21,SKU00021,Kestrel Paneer 400g,Kestrel,Dairy,Paneer,400.0,G,24,347.0,269.09,12.0,646656,18,CHILLED,1,A,1,401.8,8909295489241,2020-09-10,,Kestrel Foods Ltd,ACTIVE,,
22,SKU00022,Coastline Paneer 1000g,Coastline,Dairy,Paneer,1000.0,G,10,35.0,27.04,18.0,359573,14,CHILLED,1,B,5,969.8,8909761260619,2023-09-08,,Bluepeak Beverages,ACTIVE,,
23,SKU00023,Amrit Valley Paneer 200g,Amrit,Dairy,Paneer,200.0,G,6,100.0,72.11,12.0,607075,12,CHILLED,1,A,1,224.8,8904877465037,2022-07-29,,Hillfare Dairy Co-op,ACTIVE,,
24,SKU00024,Marwar Paneer 750g,Marwar,Dairy,Paneer,750.0,G,10,177.0,126.11,18.0,348039,7,CHILLED,1,A,2,720.9,8905907185295,2024-03-03,,Marwar Agro,ACTIVE,,
25,SKU00025,Coastline Paneer 100g,Coastline,Dairy,Paneer,100.0,G,6,95.0,69.09,5.0,490585,20,CHILLED,1,C,1,102.2,8903608732030,2022-06-21,,Kestrel Foods Ltd,ACTIVE,,
26,SKU00026,Bluepeak Paneer 400ml,Bluepeak,Dairy,Paneer,400.0,ML,6,401.0,281.76,5.0,768087,7,CHILLED,1,B,1,389.4,8902567267938,2021-02-19,,Bluepeak Beverages,ACTIVE,,
27,SKU00027,Kestrel Select Butter 500kg,Kestrel,Dairy,Butter,500.0,KG,8,211.0,174.82,18.0,680267,8,CHILLED,1,B,1,545.8,8909755002510,2023-07-14,,Kestrel Foods Ltd,ACTIVE,,
28,SKU00028,Marwar Butter 250ml,Marwar,Dairy,Butter,250.0,ML,6,191.0,142.05,18.0,147700,16,CHILLED,1,B,5,282.5,8905394292746,2020-07-22,,Hillfare Dairy Co-op,ACTIVE,,
29,SKU00029,Bluepeak Butter 200g,Bluepeak,Dairy,Butter,200.0,G,30,98.0,74.07,12.0,516861,15,CHILLED,1,C,1,219.5,8909293302559,2020-05-07,,Hillfare Dairy Co-op,ACTIVE,,
30,SKU00030,Kestrel Butter 1000ml,Kestrel,Dairy,Butter,1000.0,ML,6,432.0,331.79,18.0,406830,18,CHILLED,1,A,1,1077.4,8908768423686,2022-08-31,,Kestrel Foods Ltd,ACTIVE,,
31,SKU00031,Coastline Butter 150kg,Coastline,Dairy,Butter,150.0,KG,12,418.0,317.22,0.0,356024,11,CHILLED,1,C,1,154.4,8906733834303,2022-01-15,,Hillfare Dairy Co-op,ACTIVE,,
32,SKU00032,Hillfare Butter 750g,Hillfare,Dairy,Butter,750.0,G,24,96.0,67.38,18.0,321670,15,CHILLED,1,B,5,825.8,8909098621959,2020-06-26,,Bluepeak Beverages,ACTIVE,,
33,SKU00033,Coastline Butter 750kg,Coastline,Dairy,Butter,750.0,KG,24,442.0,337.32,0.0,298688,15,CHILLED,1,B,1,806.5,8906710401380,2020-10-26,,Bluepeak Beverages,ACTIVE,,
34,SKU00034,Coastline Butter 200ml,Coastline,Dairy,Butter,200.0,ML,10,314.0,253.97,5.0,289286,10,CHILLED,1,A,5,210.7,8907223905791,2021-09-16,,Kestrel Foods Ltd,ACTIVE,,
35,SKU00035,Kestrel Select Butter 250ml,Kestrel,Dairy,Butter,250.0,ML,6,297.0,220.23,12.0,373495,10,CHILLED,1,C,1,276.2,8900842729018,2020-03-25,,Hillfare Dairy Co-op,ACTIVE,,
36,SKU00036,Bluepeak Cheese 100ml,Bluepeak,Dairy,Cheese,100.0,ML,12,223.0,161.0,12.0,851647,9,CHILLED,1,C,1,105.9,8904853940605,2023-11-19,,Bluepeak Beverages,ACTIVE,,
37,SKU00037,Bluepeak Cheese 400ml,Bluepeak,Dairy,Cheese,400.0,ML,30,125.0,99.33,5.0,596197,9,CHILLED,1,B,1,386.7,8907571991340,2022-03-11,,Marwar Agro,ACTIVE,,
38,SKU00038,Hillfare Cheese 1000kg,Hillfare,Dairy,Cheese,1000.0,KG,8,346.0,265.85,18.0,228471,18,CHILLED,1,A,1,1079.6,8906728038557,2021-06-08,,Bluepeak Beverages,ACTIVE,,
39,SKU00039,Kestrel Select Cheese 200g,Kestrel,Dairy,Cheese,200.0,G,30,163.0,122.87,18.0,653294,14,CHILLED,1,B,1,205.0,8903288570075,2021-08-19,,Hillfare Dairy Co-op,ACTIVE,,
40,SKU00040,Amrit Valley Cheese 100g,Amrit,Dairy,Cheese,100.0,G,10,368.0,274.21,5.0,629377,15,CHILLED,1,B,5,114.2,8905818074987,2020-08-12,,Marwar Agro,ACTIVE,,
41,SKU00041,Kestrel Select Cheese 400kg,Kestrel,Dairy,Cheese,400.0,KG,24,91.0,62.1,12.0,418158,11,CHILLED,1,B,1,402.6,8909088805131,2021-01-25,,Bluepeak Beverages,ACTIVE,,
42,SKU00042,Hillfare Cheese 400kg,Hillfare,Dairy,Cheese,400.0,KG,6,269.0,201.48,5.0,376044,9,CHILLED,1,B,5,454.8,8909307779730,2022-05-17,,Kestrel Foods Ltd,ACTIVE,,
43,SKU00043,Marwar Cheese 250g,Marwar,Dairy,Cheese,250.0,G,6,320.0,233.98,5.0,110526,10,CHILLED,1,B,1,284.8,8904864531673,2024-09-21,,Hillfare Dairy Co-op,ACTIVE,,
44,SKU00044,Amrit Valley Cheese 750g,Amrit,Dairy,Cheese,750.0,G,10,136.0,104.07,5.0,427381,19,CHILLED,1,B,5,775.5,8904657517411,2022-10-08,,Hillfare Dairy Co-op,ACTIVE,,
45,SKU00045,Kestrel Select Cheese 750ml,Kestrel,Dairy,Cheese,750.0,ML,30,103.0,75.65,0.0,203731,16,CHILLED,1,C,1,764.3,8900713416471,2024-06-13,,Marwar Agro,ACTIVE,,
46,SKU00046,Amrit Valley Cheese 400ml,Amrit,Dairy,Cheese,400.0,ML,6,424.0,296.88,12.0,881738,7,CHILLED,1,A,2,427.1,8907530225836,2022-10-16,,Kestrel Foods Ltd,ACTIVE,,
47,SKU00047,Kestrel Cheese 100g,Kestrel,Dairy,Cheese,100.0,G,24,304.0,235.13,0.0,341991,7,CHILLED,1,B,2,109.7,8902879996269,2023-09-09,,Bluepeak Beverages,ACTIVE,,
48,SKU00048,Kestrel Cheese 100kg,Kestrel,Dairy,Cheese,100.0,KG,12,327.0,227.74,12.0,321071,14,CHILLED,1,A,2,107.5,8908658673887,2022-05-13,,Coastline Marine,ACTIVE,,
49,SKU00049,Amrit Valley Bread 500g,Amrit,Bakery,Bread,500.0,G,10,289.0,221.27,5.0,512807,11,AMBIENT,0,B,1,508.5,8907184545939,2020-07-31,,Coastline Marine,ACTIVE,,
50,SKU00050,Kestrel Bread 250g,Kestrel,Bakery,Bread,250.0,G,10,386.0,272.47,12.0,314231,11,AMBIENT,0,C,5,241.9,8908158003789,2022-07-09,,Marwar Agro,ACTIVE,,
51,SKU00051,Hillfare Bread 500ml,Hillfare,Bakery,Bread,500.0,ML,12,305.0,227.67,5.0,753512,4,AMBIENT,0,B,1,494.3,8906323449657,2024-11-22,,Kestrel Foods Ltd,ACTIVE,,
52,SKU00052,Bluepeak Bread 500g,Bluepeak,Bakery,Bread,500.0,G,6,288.0,237.85,0.0,324721,8,AMBIENT,0,B,2,570.9,8908042219968,2022-10-15,,Hillfare Dairy Co-op,ACTIVE,,
53,SKU00053,Kestrel Bread 750g,Kestrel,Bakery,Bread,750.0,G,8,464.0,333.59,18.0,451132,5,AMBIENT,0,A,1,778.8,8907502965770,2021-06-03,,Marwar Agro,ACTIVE,,
54,SKU00054,Bluepeak Bread 150g,Bluepeak,Bakery,Bread,150.0,G,6,214.0,156.49,0.0,569975,5,AMBIENT,0,B,2,163.7,8907512441376,2020-10-09,2025-06-21,Bluepeak Beverages,DISCONTINUED,,
55,SKU00055,Amrit Valley Bread 150ml,Amrit,Bakery,Bread,150.0,ML,6,124.0,92.6,5.0,985613,5,AMBIENT,0,B,1,162.7,8909776140803,2023-11-12,,Kestrel Foods Ltd,ACTIVE,,
56,SKU00056,Bluepeak Bread 400g,Bluepeak,Bakery,Bread,400.0,G,10,194.0,161.84,18.0,556187,9,AMBIENT,0,A,5,446.3,8904449122323,2022-02-18,,Marwar Agro,ACTIVE,,
57,SKU00057,Kestrel Bread 150g,Kestrel,Bakery,Bread,150.0,G,10,343.0,277.87,5.0,770041,9,AMBIENT,0,A,1,142.9,8905511697687,2020-05-04,,Bluepeak Beverages,ACTIVE,,
58,SKU00058,Coastline Bread 500ml,Coastline,Bakery,Bread,500.0,ML,8,204.0,146.56,18.0,394828,11,AMBIENT,0,B,1,477.3,8907978264114,2022-04-10,,Bluepeak Beverages,ACTIVE,,
59,SKU00059,Amrit Valley Bread 750kg,Amrit,Bakery,Bread,750.0,KG,12,385.0,268.37,12.0,530696,7,AMBIENT,0,B,1,739.1,8905341784307,2023-03-12,,Coastline Marine,ACTIVE,,
60,SKU00060,Bluepeak Bread 250ml,Bluepeak,Bakery,Bread,250.0,ML,24,203.0,148.75,18.0,412465,5,AMBIENT,0,A,2,258.8,8900224177051,2022-07-11,,Kestrel Foods Ltd,ACTIVE,,
61,SKU00061,Marwar Buns 250g,Marwar,Bakery,Buns,250.0,G,24,460.0,382.32,18.0,860359,4,AMBIENT,0,B,5,273.2,8908898449249,2021-03-30,,Marwar Agro,ACTIVE,,
62,SKU00062,Marwar Buns 500g,Marwar,Bakery,Buns,500.0,G,10,398.0,286.2,0.0,936035,4,AMBIENT,0,B,5,509.1,8903846519686,2020-05-23,,Hillfare Dairy Co-op,ACTIVE,,
63,SKU00063,Kestrel Buns 750ml,Kestrel,Bakery,Buns,750.0,ML,6,417.0,294.31,5.0,876881,7,AMBIENT,0,C,1,842.1,8906148424293,2024-04-19,,Hillfare Dairy Co-op,ACTIVE,,
64,SKU00064,Bluepeak Buns 500ml,Bluepeak,Bakery,Buns,500.0,ML,10,255.0,176.66,18.0,262131,9,AMBIENT,0,A,1,476.7,8901801305025,2021-09-25,,Bluepeak Beverages,ACTIVE,,
65,SKU00065,Kestrel Buns 500ml,Kestrel,Bakery,Buns,500.0,ML,6,37.0,28.68,12.0,153801,5,AMBIENT,0,C,1,525.6,8906456939538,2020-06-08,,Hillfare Dairy Co-op,ACTIVE,,
66,SKU00066,Kestrel Buns 200ml,Kestrel,Bakery,Buns,200.0,ML,30,276.0,215.68,18.0,681369,9,AMBIENT,0,B,1,224.0,8903106611189,2020-07-15,,Kestrel Foods Ltd,ACTIVE,,
67,SKU00067,Bluepeak Buns 750kg,Bluepeak,Bakery,Buns,750.0,KG,6,37.0,27.93,18.0,673303,3,AMBIENT,0,A,2,849.9,8908702625656,2020-09-28,2025-09-02,Coastline Marine,DISCONTINUED,,
68,SKU00068,Kestrel Select Buns 200g,Kestrel,Bakery,Buns,200.0,G,10,395.0,269.72,0.0,632755,5,AMBIENT,0,A,1,214.0,8904181666839,2021-03-03,,Marwar Agro,ACTIVE,,
69,SKU00069,Bluepeak Buns 1000g,Bluepeak,Bakery,Buns,1000.0,G,10,290.0,219.36,18.0,294059,11,AMBIENT,0,A,5,1067.5,8905124721153,2020-04-26,,Coastline Marine,ACTIVE,,
70,SKU00070,Bluepeak Buns 100kg,Bluepeak,Bakery,Buns,100.0,KG,24,402.0,291.22,18.0,362694,9,AMBIENT,0,C,1,110.8,8908557943714,2023-11-07,,Hillfare Dairy Co-op,ACTIVE,,
71,SKU00071,Kestrel Rusk 750ml,Kestrel,Bakery,Rusk,750.0,ML,12,200.0,139.42,18.0,308468,7,AMBIENT,0,B,5,716.1,8906770190155,2024-08-31,,Hillfare Dairy Co-op,ACTIVE,,
72,SKU00072,Hillfare Rusk 100g,Hillfare,Bakery,Rusk,100.0,G,6,202.0,141.27,12.0,118405,5,AMBIENT,0,B,1,98.5,8908609085781,2023-03-27,,Bluepeak Beverages,ACTIVE,,
73,SKU00073,Bluepeak Rusk 1000g,Bluepeak,Bakery,Rusk,1000.0,G,8,375.0,278.0,5.0,157274,4,AMBIENT,0,B,5,987.5,8908042306231,2022-09-18,,Kestrel Foods Ltd,ACTIVE,,
74,SKU00074,Kestrel Select Rusk 400g,Kestrel,Bakery,Rusk,400.0,G,24,245.0,202.42,0.0,636322,11,AMBIENT,0,A,1,437.5,8906558755912,2022-02-20,,Coastline Marine,ACTIVE,,
75,SKU00075,Hillfare Rusk 250g,Hillfare,Bakery,Rusk,250.0,G,8,157.0,120.94,5.0,898248,6,AMBIENT,0,B,1,250.1,8901687917022,2021-10-25,,Coastline Marine,ACTIVE,,
76,SKU00076,Coastline Rusk 150ml,Coastline,Bakery,Rusk,150.0,ML,12,228.0,178.02,0.0,210326,3,AMBIENT,0,C,2,166.3,8904148563090,2023-07-30,,Hillfare Dairy Co-op,ACTIVE,,
77,SKU00077,Bluepeak Rusk 200g,Bluepeak,Bakery,Rusk,200.0,G,24,400.0,301.38,18.0,123986,10,AMBIENT,0,B,5,196.0,8901000979786,2024-02-13,,Bluepeak Beverages,ACTIVE,,
78,SKU00078,Amrit Valley Rusk 150g,Amrit,Bakery,Rusk,150.0,G,10,423.0,345.66,0.0,311232,7,AMBIENT,0,A,5,158.0,8900973258162,2021-01-15,,Hillfare Dairy Co-op,ACTIVE,,
79,SKU00079,Hillfare Rusk 200ml,Hillfare,Bakery,Rusk,200.0,ML,30,105.0,86.38,0.0,971105,8,AMBIENT,0,C,1,193.1,8905211522082,2024-11-09,,Bluepeak Beverages,ACTIVE,,
80,SKU00080,Kestrel Select Rusk 1000g,Kestrel,Bakery,Rusk,1000.0,G,10,63.0,49.48,18.0,269103,6,AMBIENT,0,A,5,1041.9,8901241501906,2020-06-12,,Bluepeak Beverages,ACTIVE,,
81,SKU00081,Amrit Valley Rusk 150g,Amrit,Bakery,Rusk,150.0,G,8,408.0,288.03,12.0,943232,9,AMBIENT,0,B,1,172.1,8907060010000,2021-12-18,,Marwar Agro,ACTIVE,,
82,SKU00082,Kestrel Cake 200g,Kestrel,Bakery,Cake,200.0,G,8,291.0,224.86,5.0,101752,9,AMBIENT,0,A,5,217.7,8904370956111,2021-02-18,2026-05-07,Hillfare Dairy Co-op,DISCONTINUED,,
83,SKU00083,Coastline Cake 150g,Coastline,Bakery,Cake,150.0,G,6,181.0,137.63,5.0,288742,7,AMBIENT,0,A,1,146.8,8909431254298,2024-11-24,,Kestrel Foods Ltd,ACTIVE,,
84,SKU00084,Bluepeak Cake 750ml,Bluepeak,Bakery,Cake,750.0,ML,6,41.0,27.98,0.0,502946,11,AMBIENT,0,B,2,801.5,8904571555230,2024-03-02,,Marwar Agro,ACTIVE,,
85,SKU00085,Marwar Cake 250ml,Marwar,Bakery,Cake,250.0,ML,10,39.0,28.0,0.0,808688,6,AMBIENT,0,A,2,255.6,8902886677453,2020-11-05,,Kestrel Foods Ltd,ACTIVE,,
86,SKU00086,Kestrel Select Cake 150g,Kestrel,Bakery,Cake,150.0,G,12,365.0,277.92,12.0,725494,6,AMBIENT,0,C,1,157.1,8909495323633,2024-12-01,,Bluepeak Beverages,ACTIVE,,
87,SKU00087,Amrit Valley Cake 200g,Amrit,Bakery,Cake,200.0,G,24,178.0,142.84,12.0,797478,9,AMBIENT,0,A,1,194.6,8901978818621,2023-05-17,,Hillfare Dairy Co-op,ACTIVE,,
88,SKU00088,Coastline Cake 750g,Coastline,Bakery,Cake,750.0,G,30,338.0,236.03,5.0,470856,10,AMBIENT,0,A,2,771.6,8909871449132,2021-04-25,,Hillfare Dairy Co-op,ACTIVE,,
89,SKU00089,Kestrel Select Cake 1000g,Kestrel,Bakery,Cake,1000.0,G,8,231.0,182.09,0.0,819620,9,AMBIENT,0,B,2,983.6,8905073990317,2024-10-13,,Kestrel Foods Ltd,ACTIVE,,
90,SKU00090,Amrit Valley Cake 1000ml,Amrit,Bakery,Cake,1000.0,ML,24,417.0,339.41,5.0,557271,5,AMBIENT,0,B,1,1027.1,8902864555248,2024-02-13,,Hillfare Dairy Co-op,ACTIVE,,
91,SKU00091,Coastline Cake 250ml,Coastline,Bakery,Cake,250.0,ML,24,258.0,200.44,18.0,379515,3,AMBIENT,0,A,1,243.9,8903224479066,2022-02-05,,Bluepeak Beverages,ACTIVE,,
92,SKU00092,Marwar Cake 750g,Marwar,Bakery,Cake,750.0,G,6,457.0,316.35,0.0,635569,3,AMBIENT,0,B,2,720.6,8905268375761,2022-01-31,,Marwar Agro,ACTIVE,,
93,SKU00093,Bluepeak Cake 1000ml,Bluepeak,Bakery,Cake,1000.0,ML,24,476.0,340.62,12.0,622285,4,AMBIENT,0,C,2,1079.8,8902744915717,2022-03-23,,Hillfare Dairy Co-op,ACTIVE,,
94,SKU00094,Hillfare Cake 500ml,Hillfare,Bakery,Cake,500.0,ML,30,253.0,199.35,12.0,117441,7,AMBIENT,0,A,1,534.0,8902671502711,2020-06-02,,Coastline Marine,ACTIVE,,
95,SKU00095,Hillfare Cake 1000g,Hillfare,Bakery,Cake,1000.0,G,8,338.0,256.29,5.0,167516,7,AMBIENT,0,A,1,1033.3,8901454625797,2021-06-19,2025-07-13,Hillfare Dairy Co-op,DISCONTINUED,,
96,SKU00096,Bluepeak Juice 250ml,Bluepeak,Beverages,Juice,250.0,ML,24,414.0,289.34,0.0,247952,261,AMBIENT,0,A,2,243.4,8905965023305,2022-03-09,,Kestrel Foods Ltd,ACTIVE,,
97,SKU00097,Kestrel Juice 1000ml,Kestrel,Beverages,Juice,1000.0,ML,10,324.0,251.83,0.0,645831,225,AMBIENT,0,C,1,1090.0,8901171808338,2021-02-26,,Kestrel Foods Ltd,ACTIVE,,
98,SKU00098,Kestrel Select Juice 200ml,Kestrel,Beverages,Juice,200.0,ML,12,58.0,47.18,18.0,290605,288,AMBIENT,0,A,1,192.9,8908169116942,2023-06-09,,Kestrel Foods Ltd,ACTIVE,,
99,SKU00099,Kestrel Select Juice 400ml,Kestrel,Beverages,Juice,400.0,ML,30,442.0,341.98,5.0,966771,249,AMBIENT,0,B,5,398.5,8907396498290,2023-05-25,,Kestrel Foods Ltd,ACTIVE,,
100,SKU00100,Bluepeak Juice 200ml,Bluepeak,Beverages,Juice,200.0,ML,8,198.0,153.98,5.0,622709,296,AMBIENT,0,B,2,218.2,8901351873509,2022-05-13,,Marwar Agro,ACTIVE,,
101,SKU00101,Amrit Valley Juice 750ml,Amrit,Beverages,Juice,750.0,ML,24,373.0,280.27,18.0,566959,296,AMBIENT,0,A,5,795.7,8901599174972,2024-09-02,,Hillfare Dairy Co-op,ACTIVE,,
102,SKU00102,Kestrel Select Juice 750ml,Kestrel,Beverages,Juice,750.0,ML,10,331.0,264.22,12.0,561030,333,AMBIENT,0,A,5,854.1,8908776202930,2023-11-22,,Coastline Marine,ACTIVE,,
103,SKU00103,Kestrel Juice 200ml,Kestrel,Beverages,Juice,200.0,ML,24,83.0,68.48,0.0,971964,272,AMBIENT,0,B,2,229.0,8900046754803,2020-02-26,,Marwar Agro,ACTIVE,,
104,SKU00104,Kestrel Juice 200ml,Kestrel,Beverages,Juice,200.0,ML,6,46.0,32.34,12.0,485752,236,AMBIENT,0,B,1,206.6,8902916680798,2023-07-08,,Coastline Marine,ACTIVE,,
105,SKU00105,Hillfare Juice 200ml,Hillfare,Beverages,Juice,200.0,ML,8,79.0,64.5,0.0,338272,328,AMBIENT,0,A,1,191.5,8905641616342,2020-04-29,,Bluepeak Beverages,ACTIVE,,
106,SKU00106,Marwar Juice 400ml,Marwar,Beverages,Juice,400.0,ML,24,446.0,373.55,0.0,469992,283,AMBIENT,0,A,1,428.7,8904125587885,2022-04-25,,Coastline Marine,ACTIVE,,
107,SKU00107,Coastline Soft Drink 1000ml,Coastline,Beverages,Soft Drink,1000.0,ML,12,405.0,322.51,0.0,231807,227,AMBIENT,0,A,5,1139.2,8905135177145,2024-11-20,,Bluepeak Beverages,ACTIVE,,
108,SKU00108,Marwar Soft Drink 500ml,Marwar,Beverages,Soft Drink,500.0,ML,12,352.0,270.51,0.0,348935,263,AMBIENT,0,A,5,556.1,8908834604205,2023-03-19,,Kestrel Foods Ltd,ACTIVE,,
109,SKU00109,Kestrel Soft Drink 150ml,Kestrel,Beverages,Soft Drink,150.0,ML,24,275.0,189.26,5.0,444646,270,AMBIENT,0,A,2,143.9,8900193983114,2022-03-31,,Coastline Marine,ACTIVE,,
110,SKU00110,Coastline Soft Drink 100ml,Coastline,Beverages,Soft Drink,100.0,ML,30,125.0,92.39,0.0,886105,190,AMBIENT,0,C,1,97.1,8909630437797,2021-03-31,,Marwar Agro,ACTIVE,,
111,SKU00111,Coastline Soft Drink 1000ml,Coastline,Beverages,Soft Drink,1000.0,ML,6,330.0,232.07,18.0,234836,338,AMBIENT,0,C,2,1068.3,8904164783355,2022-08-31,,Kestrel Foods Ltd,ACTIVE,,
112,SKU00112,Hillfare Soft Drink 250ml,Hillfare,Beverages,Soft Drink,250.0,ML,6,131.0,98.76,5.0,279245,292,AMBIENT,0,B,1,277.2,8907895969584,2021-02-08,,Hillfare Dairy Co-op,ACTIVE,,
113,SKU00113,Marwar Soft Drink 100ml,Marwar,Beverages,Soft Drink,100.0,ML,24,37.0,26.48,12.0,538596,190,AMBIENT,0,B,2,104.9,8907735945568,2020-07-20,2026-03-03,Bluepeak Beverages,DISCONTINUED,,
114,SKU00114,Marwar Soft Drink 150ml,Marwar,Beverages,Soft Drink,150.0,ML,12,219.0,156.89,5.0,266946,186,AMBIENT,0,C,1,151.1,8900933997133,2024-05-17,,Bluepeak Beverages,ACTIVE,,
115,SKU00115,Amrit Valley Soft Drink 500ml,Amrit,Beverages,Soft Drink,500.0,ML,12,438.0,342.11,18.0,969131,196,AMBIENT,0,B,2,522.7,8901200992066,2020-09-20,,Coastline Marine,ACTIVE,,
116,SKU00116,Kestrel Select Soft Drink 150ml,Kestrel,Beverages,Soft Drink,150.0,ML,30,125.0,92.52,0.0,770907,205,AMBIENT,0,A,1,156.1,8907809532640,2021-05-13,,Marwar Agro,ACTIVE,,
117,SKU00117,Amrit Valley Soft Drink 750ml,Amrit,Beverages,Soft Drink,750.0,ML,24,150.0,104.96,12.0,421492,352,AMBIENT,0,B,1,861.1,8900489592338,2021-04-10,2025-11-20,Coastline Marine,DISCONTINUED,,
118,SKU00118,Marwar Energy Drink 400ml,Marwar,Beverages,Energy Drink,400.0,ML,30,417.0,345.14,12.0,118107,247,AMBIENT,0,A,5,443.3,8908029692948,2022-07-04,,Bluepeak Beverages,ACTIVE,,
119,SKU00119,Kestrel Select Energy Drink 150ml,Kestrel,Beverages,Energy Drink,150.0,ML,8,267.0,217.73,0.0,246275,286,AMBIENT,0,B,2,166.3,8907924439991,2022-01-13,,Kestrel Foods Ltd,ACTIVE,,
120,SKU00120,Marwar Energy Drink 200ml,Marwar,Beverages,Energy Drink,200.0,ML,30,433.0,305.4,0.0,350001,325,AMBIENT,0,A,2,208.7,8905131468232,2020-07-24,,Hillfare Dairy Co-op,ACTIVE,,
121,SKU00121,Hillfare Energy Drink 100ml,Hillfare,Beverages,Energy Drink,100.0,ML,8,172.0,126.1,18.0,380823,314,AMBIENT,0,B,1,97.2,8908995807983,2023-02-03,,Bluepeak Beverages,ACTIVE,,
122,SKU00122,Marwar Energy Drink 1000ml,Marwar,Beverages,Energy Drink,1000.0,ML,10,92.0,70.2,0.0,150598,342,AMBIENT,0,B,5,1089.6,8907194954959,2021-03-31,,Hillfare Dairy Co-op,ACTIVE,,
123,SKU00123,Kestrel Select Energy Drink 750ml,Kestrel,Beverages,Energy Drink,750.0,ML,8,389.0,294.06,12.0,169481,261,AMBIENT,0,A,5,782.9,8900750405946,2021-02-11,2025-12-19,Bluepeak Beverages,DISCONTINUED,,
124,SKU00124,Kestrel Select Energy Drink 500ml,Kestrel,Beverages,Energy Drink,500.0,ML,24,144.0,119.24,18.0,783864,220,AMBIENT,0,C,1,517.8,8909273697726,2024-04-20,,Bluepeak Beverages,ACTIVE,,
125,SKU00125,Marwar Energy Drink 100ml,Marwar,Beverages,Energy Drink,100.0,ML,12,212.0,166.38,0.0,175783,347,AMBIENT,0,C,2,110.7,8904180498287,2024-04-01,,Kestrel Foods Ltd,ACTIVE,,
126,SKU00126,Bluepeak Energy Drink 250ml,Bluepeak,Beverages,Energy Drink,250.0,ML,8,45.0,37.11,5.0,437057,294,AMBIENT,0,A,1,243.1,8908826039774,2024-05-05,,Bluepeak Beverages,ACTIVE,,
127,SKU00127,Bluepeak Iced Tea 400ml,Bluepeak,Beverages,Iced Tea,400.0,ML,30,96.0,73.9,5.0,184065,302,AMBIENT,0,A,1,399.0,8904146460758,2023-08-26,,Marwar Agro,ACTIVE,,
128,SKU00128,Amrit Valley Iced Tea 500ml,Amrit,Beverages,Iced Tea,500.0,ML,30,353.0,262.41,5.0,100077,295,AMBIENT,0,A,1,572.2,8907146083970,2023-12-10,,Marwar Agro,ACTIVE,,
129,SKU00129,Kestrel Select Iced Tea 150ml,Kestrel,Beverages,Iced Tea,150.0,ML,6,70.0,57.83,12.0,792352,231,AMBIENT,0,A,5,166.8,8904257718732,2024-10-28,,Coastline Marine,ACTIVE,,
130,SKU00130,Hillfare Iced Tea 500ml,Hillfare,Beverages,Iced Tea,500.0,ML,6,476.0,343.09,0.0,407669,267,AMBIENT,0,B,1,557.8,8904776347839,2024-04-04,,Marwar Agro,ACTIVE,,
131,SKU00131,Amrit Valley Iced Tea 150ml,Amrit,Beverages,Iced Tea,150.0,ML,6,36.0,29.17,0.0,306751,332,AMBIENT,0,B,2,142.7,8907243093859,2022-03-17,,Bluepeak Beverages,ACTIVE,,
132,SKU00132,Marwar Iced Tea 400ml,Marwar,Beverages,Iced Tea,400.0,ML,24,251.0,196.73,0.0,255717,344,AMBIENT,0,B,2,420.0,8909331260058,2024-03-18,,Marwar Agro,ACTIVE,,
133,SKU00133,Amrit Valley Iced Tea 100ml,Amrit,Beverages,Iced Tea,100.0,ML,12,68.0,47.63,5.0,774768,347,AMBIENT,0,A,5,112.8,8908024256113,2020-05-12,,Marwar Agro,ACTIVE,,
134,SKU00134,Bluepeak Iced Tea 100ml,Bluepeak,Beverages,Iced Tea,100.0,ML,30,229.0,173.95,0.0,455570,358,AMBIENT,0,A,1,107.8,8901959393994,2024-07-24,,Coastline Marine,ACTIVE,,
135,SKU00135,Marwar Iced Tea 500ml,Marwar,Beverages,Iced Tea,500.0,ML,30,212.0,146.1,18.0,448507,249,AMBIENT,0,A,1,539.6,8908313297901,2021-05-11,,Coastline Marine,ACTIVE,,
136,SKU00136,Kestrel Iced Tea 150ml,Kestrel,Beverages,Iced Tea,150.0,ML,6,144.0,104.12,12.0,264983,196,AMBIENT,0,A,1,163.3,8905465757874,2024-10-07,,Bluepeak Beverages,ACTIVE,,
137,SKU00137,Amrit Valley Iced Tea 200ml,Amrit,Beverages,Iced Tea,200.0,ML,8,152.0,126.35,18.0,932272,337,AMBIENT,0,A,1,217.0,8905247568105,2024-01-31,,Marwar Agro,ACTIVE,,
138,SKU00138,Hillfare Iced Tea 1000ml,Hillfare,Beverages,Iced Tea,1000.0,ML,6,220.0,156.7,0.0,800069,216,AMBIENT,0,C,5,1085.6,8905984257852,2024-09-19,,Hillfare Dairy Co-op,ACTIVE,,
139,SKU00139,Kestrel Chips 750g,Kestrel,Snacks,Chips,750.0,G,24,141.0,115.92,12.0,247514,176,AMBIENT,0,A,1,814.0,8901679769794,2021-01-30,,Coastline Marine,ACTIVE,,
140,SKU00140,Marwar Chips 150g,Marwar,Snacks,Chips,150.0,G,6,226.0,185.46,12.0,333279,243,AMBIENT,0,B,2,151.8,8906874045999,2021-12-04,,Bluepeak Beverages,ACTIVE,,
141,SKU00141,Coastline Chips 150g,Coastline,Snacks,Chips,150.0,G,24,107.0,84.86,5.0,831383,269,AMBIENT,0,C,1,152.9,8905733152429,2021-07-08,,Marwar Agro,ACTIVE,,
142,SKU00142,Amrit Valley Chips 100ml,Amrit,Snacks,Chips,100.0,ML,10,392.0,269.15,5.0,843790,208,AMBIENT,0,A,2,113.5,8904247339587,2020-12-26,,Marwar Agro,ACTIVE,,
143,SKU00143,Hillfare Chips 1000g,Hillfare,Snacks,Chips,1000.0,G,30,103.0,75.78,18.0,586105,222,AMBIENT,0,B,2,1031.6,8909763041056,2024-02-23,,Hillfare Dairy Co-op,ACTIVE,,
144,SKU00144,Marwar Chips 150ml,Marwar,Snacks,Chips,150.0,ML,30,454.0,359.26,12.0,538597,245,AMBIENT,0,B,1,171.2,8902306362606,2022-12-14,,Marwar Agro,ACTIVE,,
145,SKU00145,Bluepeak Chips 250kg,Bluepeak,Snacks,Chips,250.0,KG,6,193.0,138.66,5.0,471588,147,AMBIENT,0,A,5,245.9,8901463825615,2024-09-12,,Kestrel Foods Ltd,ACTIVE,,
146,SKU00146,Marwar Chips 750g,Marwar,Snacks,Chips,750.0,G,8,323.0,229.96,0.0,609501,138,AMBIENT,0,B,2,755.6,8905066755354,2022-01-17,,Kestrel Foods Ltd,ACTIVE,,
147,SKU00147,Kestrel Select Chips 750kg,Kestrel,Snacks,Chips,750.0,KG,10,101.0,73.47,5.0,831567,218,AMBIENT,0,A,1,839.9,8907711086243,2021-10-05,,Coastline Marine,ACTIVE,,
148,SKU00148,Coastline Chips 750ml,Coastline,Snacks,Chips,750.0,ML,12,224.0,167.07,0.0,209118,143,AMBIENT,0,B,1,845.5,8908881724355,2021-01-23,,Kestrel Foods Ltd,ACTIVE,,
149,SKU00149,Coastline Chips 500ml,Coastline,Snacks,Chips,500.0,ML,24,442.0,367.79,5.0,990064,211,AMBIENT,0,B,1,503.2,8900318022381,2023-08-10,,Bluepeak Beverages,ACTIVE,,
150,SKU00150,Coastline Chips 1000kg,Coastline,Snacks,Chips,1000.0,KG,24,239.0,199.2,18.0,502620,123,AMBIENT,0,B,2,997.5,8901845711568,2021-08-23,,Coastline Marine,ACTIVE,,
151,SKU00151,Kestrel Chips 500ml,Kestrel,Snacks,Chips,500.0,ML,8,401.0,325.08,12.0,474800,244,AMBIENT,0,B,2,489.1,8902781306206,2024-03-29,,Hillfare Dairy Co-op,ACTIVE,,
152,SKU00152,Kestrel Select Namkeen 500g,Kestrel,Snacks,Namkeen,500.0,G,30,57.0,45.58,5.0,947598,148,AMBIENT,0,B,2,475.1,8908493970963,2020-09-15,,Hillfare Dairy Co-op,ACTIVE,,
153,SKU00153,Marwar Namkeen 400ml,Marwar,Snacks,Namkeen,400.0,ML,10,123.0,92.18,18.0,996857,159,AMBIENT,0,B,1,428.1,8900747085681,2022-08-31,2026-03-22,Bluepeak Beverages,DISCONTINUED,,
154,SKU00154,Kestrel Namkeen 100g,Kestrel,Snacks,Namkeen,100.0,G,8,397.0,322.92,12.0,926710,171,AMBIENT,0,C,1,107.4,8900364161186,2022-08-18,,Hillfare Dairy Co-op,ACTIVE,,
155,SKU00155,Kestrel Namkeen 400kg,Kestrel,Snacks,Namkeen,400.0,KG,6,131.0,101.46,0.0,577520,222,AMBIENT,0,C,1,430.7,8907138024385,2022-12-13,,Bluepeak Beverages,ACTIVE,,
156,SKU00156,Kestrel Namkeen 100g,Kestrel,Snacks,Namkeen,100.0,G,8,464.0,346.11,12.0,267844,243,AMBIENT,0,A,5,112.4,8905634814019,2020-11-06,,Coastline Marine,ACTIVE,,
157,SKU00157,Hillfare Namkeen 1000kg,Hillfare,Snacks,Namkeen,1000.0,KG,8,331.0,262.43,12.0,990639,181,AMBIENT,0,C,1,1101.7,8903645237036,2022-03-07,,Kestrel Foods Ltd,ACTIVE,,
158,SKU00158,Amrit Valley Namkeen 1000g,Amrit,Snacks,Namkeen,1000.0,G,6,20.0,14.73,0.0,961519,171,AMBIENT,0,A,5,1132.6,8909954107400,2021-07-19,,Kestrel Foods Ltd,ACTIVE,,
159,SKU00159,Kestrel Select Namkeen 400g,Kestrel,Snacks,Namkeen,400.0,G,8,356.0,295.69,0.0,901888,177,AMBIENT,0,C,5,414.8,8908834965481,2021-09-24,,Kestrel Foods Ltd,ACTIVE,,
160,SKU00160,Amrit Valley Namkeen 150g,Amrit,Snacks,Namkeen,150.0,G,30,188.0,157.42,5.0,897548,132,AMBIENT,0,C,2,162.5,8905742573375,2021-04-23,,Marwar Agro,ACTIVE,,
161,SKU00161,Coastline Namkeen 200g,Coastline,Snacks,Namkeen,200.0,G,6,108.0,73.59,5.0,895155,160,AMBIENT,0,A,2,221.8,8906610914279,2021-10-22,2025-09-15,Marwar Agro,DISCONTINUED,,
162,SKU00162,Marwar Namkeen 1000g,Marwar,Snacks,Namkeen,1000.0,G,24,325.0,241.87,12.0,437876,240,AMBIENT,0,C,1,1051.2,8909216623249,2022-12-05,,Coastline Marine,ACTIVE,,
163,SKU00163,Marwar Namkeen 250g,Marwar,Snacks,Namkeen,250.0,G,6,90.0,72.78,12.0,638621,238,AMBIENT,0,A,5,247.7,8905620874120,2021-05-19,,Bluepeak Beverages,ACTIVE,,
164,SKU00164,Marwar Namkeen 150ml,Marwar,Snacks,Namkeen,150.0,ML,10,477.0,392.73,18.0,112384,226,AMBIENT,0,B,1,159.0,8909849237563,2021-10-11,,Coastline Marine,ACTIVE,,
165,SKU00165,Amrit Valley Biscuits 1000g,Amrit,Snacks,Biscuits,1000.0,G,30,110.0,76.73,0.0,433215,231,AMBIENT,0,B,1,1036.4,8901372414124,2021-09-27,,Coastline Marine,ACTIVE,,
166,SKU00166,Hillfare Biscuits 250g,Hillfare,Snacks,Biscuits,250.0,G,12,352.0,276.29,12.0,448894,266,AMBIENT,0,A,1,241.3,8902783947465,2022-11-21,,Hillfare Dairy Co-op,ACTIVE,,
167,SKU00167,Bluepeak Biscuits 250kg,Bluepeak,Snacks,Biscuits,250.0,KG,30,361.0,287.72,0.0,832601,249,AMBIENT,0,B,5,261.8,8901644286912,2021-07-11,,Kestrel Foods Ltd,ACTIVE,,
168,SKU00168,Bluepeak Biscuits 200g,Bluepeak,Snacks,Biscuits,200.0,G,6,477.0,377.75,12.0,180401,154,AMBIENT,0,A,1,203.2,8906989210989,2020-04-07,,Coastline Marine,ACTIVE,,
169,SKU00169,Marwar Biscuits 250g,Marwar,Snacks,Biscuits,250.0,G,8,339.0,272.61,5.0,773645,208,AMBIENT,0,A,5,283.0,8909485193126,2023-11-05,,Hillfare Dairy Co-op,ACTIVE,,
170,SKU00170,Hillfare Biscuits 400kg,Hillfare,Snacks,Biscuits,400.0,KG,24,391.0,300.38,18.0,863640,142,AMBIENT,0,B,1,421.4,8909383781702,2020-05-13,,Kestrel Foods Ltd,ACTIVE,,
171,SKU00171,Hillfare Biscuits 100g,Hillfare,Snacks,Biscuits,100.0,G,30,148.0,119.07,5.0,346700,144,AMBIENT,0,B,1,105.1,8908430604130,2023-10-31,,Bluepeak Beverages,ACTIVE,,
172,SKU00172,Kestrel Select Biscuits 1000kg,Kestrel,Snacks,Biscuits,1000.0,KG,10,132.0,106.26,12.0,849977,254,AMBIENT,0,A,1,1112.9,8907066487748,2023-10-21,,Marwar Agro,ACTIVE,,
173,SKU00173,Kestrel Select Biscuits 150ml,Kestrel,Snacks,Biscuits,150.0,ML,12,409.0,332.58,5.0,292840,156,AMBIENT,0,A,1,152.2,8907925269824,2020-10-10,,Hillfare Dairy Co-op,ACTIVE,,
174,SKU00174,Bluepeak Biscuits 200g,Bluepeak,Snacks,Biscuits,200.0,G,8,468.0,346.87,0.0,371307,254,AMBIENT,0,A,2,193.3,8904814915410,2024-05-12,,Marwar Agro,ACTIVE,,
175,SKU00175,Kestrel Select Biscuits 1000ml,Kestrel,Snacks,Biscuits,1000.0,ML,6,332.0,270.34,12.0,641006,136,AMBIENT,0,A,2,1041.5,8906758010522,2024-06-16,,Hillfare Dairy Co-op,ACTIVE,,
176,SKU00176,Bluepeak Nuts 250g,Bluepeak,Snacks,Nuts,250.0,G,8,27.0,20.54,18.0,346672,190,AMBIENT,0,A,1,260.2,8902148064028,2021-05-18,,Kestrel Foods Ltd,ACTIVE,,
177,SKU00177,Bluepeak Nuts 750g,Bluepeak,Snacks,Nuts,750.0,G,30,144.0,116.88,18.0,334704,235,AMBIENT,0,B,1,822.0,8905486817176,2020-08-25,2026-01-24,Coastline Marine,DISCONTINUED,,
178,SKU00178,Amrit Valley Nuts 400g,Amrit,Snacks,Nuts,400.0,G,8,246.0,179.01,0.0,308988,211,AMBIENT,0,C,2,433.3,8905310192446,2021-03-03,,Coastline Marine,ACTIVE,,
179,SKU00179,Kestrel Nuts 750g,Kestrel,Snacks,Nuts,750.0,G,10,357.0,266.31,12.0,946687,245,AMBIENT,0,A,1,822.3,8905976944733,2024-03-11,,Coastline Marine,ACTIVE,,
180,SKU00180,Amrit Valley Nuts 100g,Amrit,Snacks,Nuts,100.0,G,24,445.0,366.87,0.0,201939,138,AMBIENT,0,A,2,110.7,8909227390847,2023-06-11,,Marwar Agro,ACTIVE,,
181,SKU00181,Hillfare Nuts 100g,Hillfare,Snacks,Nuts,100.0,G,30,40.0,31.17,12.0,427802,178,AMBIENT,0,A,2,104.6,8904634631765,2022-01-18,,Hillfare Dairy Co-op,ACTIVE,,
182,SKU00182,Amrit Valley Nuts 400ml,Amrit,Snacks,Nuts,400.0,ML,24,245.0,192.82,18.0,248467,176,AMBIENT,0,B,1,421.6,8902716030331,2020-10-18,,Bluepeak Beverages,ACTIVE,,
183,SKU00183,Bluepeak Nuts 750g,Bluepeak,Snacks,Nuts,750.0,G,30,95.0,72.69,0.0,404780,124,AMBIENT,0,B,2,740.7,8909734530641,2023-01-09,,Hillfare Dairy Co-op,ACTIVE,,
184,SKU00184,Kestrel Nuts 500kg,Kestrel,Snacks,Nuts,500.0,KG,8,37.0,27.78,0.0,473511,253,AMBIENT,0,A,1,492.6,8902791608264,2024-07-03,,Coastline Marine,ACTIVE,,
185,SKU00185,Kestrel Select Frozen Peas 150g,Kestrel,Frozen,Frozen Peas,150.0,G,12,411.0,332.71,5.0,730036,279,CHILLED,1,B,2,149.6,8902405141435,2023-04-03,,Coastline Marine,ACTIVE,,
186,SKU00186,Bluepeak Frozen Peas 150kg,Bluepeak,Frozen,Frozen Peas,150.0,KG,12,107.0,87.67,0.0,933490,221,CHILLED,1,C,1,161.6,8902577122618,2022-09-15,,Coastline Marine,ACTIVE,,
187,SKU00187,Bluepeak Frozen Peas 100g,Bluepeak,Frozen,Frozen Peas,100.0,G,8,435.0,358.51,5.0,343894,343,CHILLED,1,B,5,113.5,8908162320608,2024-06-10,2026-01-19,Bluepeak Beverages,DISCONTINUED,,
188,SKU00188,Marwar Frozen Peas 500ml,Marwar,Frozen,Frozen Peas,500.0,ML,6,67.0,49.13,5.0,857970,278,CHILLED,1,B,2,551.3,8903154854624,2023-06-16,,Marwar Agro,ACTIVE,,
189,SKU00189,Coastline Frozen Peas 400ml,Coastline,Frozen,Frozen Peas,400.0,ML,10,184.0,136.24,12.0,273937,333,CHILLED,1,A,5,440.2,8900459341159,2024-11-25,,Bluepeak Beverages,ACTIVE,,
190,SKU00190,Bluepeak Frozen Peas 100g,Bluepeak,Frozen,Frozen Peas,100.0,G,6,356.0,296.61,12.0,806452,344,CHILLED,1,A,5,105.6,8900575304361,2020-05-18,2025-06-27,Hillfare Dairy Co-op,DISCONTINUED,,
191,SKU00191,Kestrel Frozen Peas 250kg,Kestrel,Frozen,Frozen Peas,250.0,KG,6,61.0,42.37,12.0,486872,238,CHILLED,1,C,1,274.3,8905675146066,2021-12-21,,Kestrel Foods Ltd,ACTIVE,,
192,SKU00192,Coastline Frozen Peas 1000kg,Coastline,Frozen,Frozen Peas,1000.0,KG,24,367.0,277.43,12.0,859943,250,CHILLED,1,B,2,1081.2,8903149043079,2023-06-26,,Marwar Agro,ACTIVE,,
193,SKU00193,Amrit Valley Frozen Paratha 400ml,Amrit,Frozen,Frozen Paratha,400.0,ML,10,420.0,293.8,5.0,303781,333,CHILLED,1,B,2,398.2,8902505997268,2023-10-14,,Hillfare Dairy Co-op,ACTIVE,,
194,SKU00194,Kestrel Select Frozen Paratha 1000g,Kestrel,Frozen,Frozen Paratha,1000.0,G,30,41.0,32.42,12.0,885297,263,CHILLED,1,C,2,1096.3,8905024543456,2022-08-13,,Marwar Agro,ACTIVE,,
195,SKU00195,Kestrel Select Frozen Paratha 500ml,Kestrel,Frozen,Frozen Paratha,500.0,ML,12,218.0,168.04,12.0,730391,293,CHILLED,1,B,5,496.9,8904957494429,2020-06-19,,Kestrel Foods Ltd,ACTIVE,,
196,SKU00196,Marwar Frozen Paratha 200kg,Marwar,Frozen,Frozen Paratha,200.0,KG,30,296.0,226.16,5.0,512796,357,CHILLED,1,A,2,207.8,8900645739775,2024-01-28,,Marwar Agro,ACTIVE,,
197,SKU00197,Kestrel Select Frozen Paratha 400kg,Kestrel,Frozen,Frozen Paratha,400.0,KG,30,266.0,207.32,5.0,521944,199,CHILLED,1,B,2,448.8,8901584787518,2022-04-25,,Bluepeak Beverages,ACTIVE,,
198,SKU00198,Amrit Valley Frozen Paratha 200g,Amrit,Frozen,Frozen Paratha,200.0,G,24,477.0,374.05,0.0,924435,251,CHILLED,1,A,2,192.5,8904524683211,2021-05-31,,Kestrel Foods Ltd,ACTIVE,,
199,SKU00199,Coastline Frozen Paratha 250g,Coastline,Frozen,Frozen Paratha,250.0,G,24,336.0,233.48,18.0,287677,268,CHILLED,1,C,5,256.5,8909169050834,2023-09-29,,Kestrel Foods Ltd,ACTIVE,,
200,SKU00200,Marwar Frozen Paratha 500g,Marwar,Frozen,Frozen Paratha,500.0,G,12,383.0,310.21,18.0,369260,249,CHILLED,1,B,1,546.4,8908415442102,2020-05-14,,Marwar Agro,ACTIVE,,
201,SKU00201,Kestrel Frozen Paratha 150ml,Kestrel,Frozen,Frozen Paratha,150.0,ML,8,108.0,86.75,5.0,207153,283,CHILLED,1,A,2,162.3,8900858354071,2024-07-06,,Marwar Agro,ACTIVE,,
202,SKU00202,Bluepeak Frozen Paratha 250ml,Bluepeak,Frozen,Frozen Paratha,250.0,ML,12,454.0,335.15,18.0,863769,355,CHILLED,1,B,5,280.2,8902831144447,2024-03-19,,Kestrel Foods Ltd,ACTIVE,,
203,SKU00203,Bluepeak Ice Cream 500g,Bluepeak,Frozen,Ice Cream,500.0,G,24,266.0,181.68,0.0,492783,212,CHILLED,1,A,5,486.0,8908472859753,2023-04-25,,Marwar Agro,ACTIVE,,
204,SKU00204,Kestrel Select Ice Cream 400ml,Kestrel,Frozen,Ice Cream,400.0,ML,24,298.0,230.94,5.0,339051,364,CHILLED,1,A,1,402.1,8906837820196,2022-07-17,,Bluepeak Beverages,ACTIVE,,
205,SKU00205,Coastline Ice Cream 750ml,Coastline,Frozen,Ice Cream,750.0,ML,30,480.0,343.52,0.0,684328,191,CHILLED,1,B,5,860.0,8907978709553,2020-12-23,,Marwar Agro,ACTIVE,,
206,SKU00206,Kestrel Select Ice Cream 500g,Kestrel,Frozen,Ice Cream,500.0,G,10,315.0,260.78,0.0,281805,213,CHILLED,1,B,1,533.0,8903917808369,2022-01-13,,Bluepeak Beverages,ACTIVE,,
207,SKU00207,Coastline Ice Cream 400ml,Coastline,Frozen,Ice Cream,400.0,ML,8,315.0,229.35,5.0,481066,340,CHILLED,1,B,5,442.5,8901675292394,2022-09-23,,Marwar Agro,ACTIVE,,
208,SKU00208,Hillfare Ice Cream 250g,Hillfare,Frozen,Ice Cream,250.0,G,8,325.0,224.99,12.0,779870,331,CHILLED,1,A,2,244.9,8906194895061,2022-09-25,,Kestrel Foods Ltd,ACTIVE,,
209,SKU00209,Marwar Ice Cream 100g,Marwar,Frozen,Ice Cream,100.0,G,12,373.0,302.45,12.0,507295,298,CHILLED,1,C,5,111.5,8900209757346,2020-12-22,,Kestrel Foods Ltd,ACTIVE,,
210,SKU00210,Kestrel Select Ice Cream 750ml,Kestrel,Frozen,Ice Cream,750.0,ML,10,323.0,254.14,12.0,621921,345,CHILLED,1,C,1,814.1,8904671401481,2024-10-03,,Hillfare Dairy Co-op,ACTIVE,,
211,SKU00211,Amrit Valley Ice Cream 1000kg,Amrit,Frozen,Ice Cream,1000.0,KG,10,21.0,15.26,0.0,959389,252,CHILLED,1,A,2,1003.9,8906168021342,2020-03-28,,Marwar Agro,ACTIVE,,
212,SKU00212,Hillfare Nuggets 400g,Hillfare,Frozen,Nuggets,400.0,G,6,148.0,103.27,12.0,259633,210,CHILLED,1,B,5,422.0,8907928636743,2021-03-07,,Marwar Agro,ACTIVE,,
213,SKU00213,Hillfare Nuggets 200ml,Hillfare,Frozen,Nuggets,200.0,ML,10,219.0,164.24,5.0,741351,256,CHILLED,1,B,2,211.5,8902054929710,2020-04-07,,Kestrel Foods Ltd,ACTIVE,,
214,SKU00214,Kestrel Nuggets 200ml,Kestrel,Frozen,Nuggets,200.0,ML,24,340.0,234.56,5.0,550548,194,CHILLED,1,A,1,205.6,8904861331894,2021-10-11,,Kestrel Foods Ltd,ACTIVE,,
215,SKU00215,Coastline Nuggets 1000kg,Coastline,Frozen,Nuggets,1000.0,KG,30,411.0,344.75,0.0,650226,181,CHILLED,1,B,1,1135.2,8906123881376,2023-05-07,,Bluepeak Beverages,ACTIVE,,
216,SKU00216,Coastline Nuggets 200kg,Coastline,Frozen,Nuggets,200.0,KG,8,242.0,183.61,5.0,778806,252,CHILLED,1,A,1,215.3,8904158383643,2023-04-11,,Marwar Agro,ACTIVE,,
217,SKU00217,Amrit Valley Nuggets 400ml,Amrit,Frozen,Nuggets,400.0,ML,6,428.0,325.39,0.0,616751,316,CHILLED,1,B,1,434.0,8900124621794,2023-08-17,,Marwar Agro,ACTIVE,,
218,SKU00218,Coastline Nuggets 750ml,Coastline,Frozen,Nuggets,750.0,ML,30,211.0,163.65,5.0,309330,229,CHILLED,1,A,5,835.8,8909287764779,2021-03-31,,Kestrel Foods Ltd,ACTIVE,,
219,SKU00219,Hillfare Nuggets 1000ml,Hillfare,Frozen,Nuggets,1000.0,ML,6,407.0,312.83,12.0,811943,207,CHILLED,1,B,1,1027.9,8900557093109,2024-07-24,,Marwar Agro,ACTIVE,,
220,SKU00220,Hillfare Nuggets 100ml,Hillfare,Frozen,Nuggets,100.0,ML,30,156.0,110.85,12.0,126179,336,CHILLED,1,C,1,105.1,8903958048238,2021-04-09,2025-07-08,Bluepeak Beverages,DISCONTINUED,,
221,SKU00221,Kestrel Select Nuggets 400kg,Kestrel,Frozen,Nuggets,400.0,KG,6,285.0,234.64,5.0,655892,344,CHILLED,1,A,5,457.0,8904133322673,2021-08-07,,Hillfare Dairy Co-op,ACTIVE,,
222,SKU00222,Coastline Nuggets 100ml,Coastline,Frozen,Nuggets,100.0,ML,24,328.0,231.34,5.0,967813,218,CHILLED,1,A,1,114.5,8904955840372,2022-10-31,,Bluepeak Beverages,ACTIVE,,
223,SKU00223,Hillfare Nuggets 100kg,Hillfare,Frozen,Nuggets,100.0,KG,24,426.0,300.59,12.0,682621,217,CHILLED,1,B,1,101.2,8903895620125,2020-11-25,,Kestrel Foods Ltd,ACTIVE,,
224,SKU00224,Coastline Nuggets 100kg,Coastline,Frozen,Nuggets,100.0,KG,12,310.0,240.21,12.0,476999,362,CHILLED,1,B,1,111.1,8905740030259,2021-03-22,,Marwar Agro,ACTIVE,,
225,SKU00225,Kestrel Atta 100kg,Kestrel,Staples,Atta,100.0,KG,24,22.0,17.52,12.0,369933,291,AMBIENT,0,C,2,104.0,8908061553942,2024-08-12,2025-12-14,Hillfare Dairy Co-op,DISCONTINUED,,
226,SKU00226,Kestrel Atta 200ml,Kestrel,Staples,Atta,200.0,ML,30,468.0,322.2,0.0,791693,192,AMBIENT,0,B,2,214.5,8902278583836,2020-08-09,,Kestrel Foods Ltd,ACTIVE,,
227,SKU00227,Amrit Valley Atta 400kg,Amrit,Staples,Atta,400.0,KG,8,360.0,255.05,0.0,797277,272,AMBIENT,0,C,2,457.0,8905985284887,2021-06-27,2025-12-12,Bluepeak Beverages,DISCONTINUED,,
228,SKU00228,Bluepeak Atta 100kg,Bluepeak,Staples,Atta,100.0,KG,24,279.0,197.46,12.0,656634,249,AMBIENT,0,B,1,103.8,8901541527824,2020-04-15,,Hillfare Dairy Co-op,ACTIVE,,
229,SKU00229,Bluepeak Atta 250ml,Bluepeak,Staples,Atta,250.0,ML,10,293.0,202.3,0.0,754651,261,AMBIENT,0,C,5,264.7,8903000516062,2022-07-16,,Marwar Agro,ACTIVE,,
230,SKU00230,Hillfare Atta 250g,Hillfare,Staples,Atta,250.0,G,12,343.0,258.58,12.0,267890,342,AMBIENT,0,C,1,250.6,8909794412670,2021-10-05,2026-05-05,Kestrel Foods Ltd,DISCONTINUED,,
231,SKU00231,Marwar Atta 100g,Marwar,Staples,Atta,100.0,G,30,249.0,189.69,12.0,571659,201,AMBIENT,0,A,1,100.1,8904544394819,2024-09-08,,Kestrel Foods Ltd,ACTIVE,,
232,SKU00232,Hillfare Atta 400ml,Hillfare,Staples,Atta,400.0,ML,24,128.0,101.94,0.0,741682,363,AMBIENT,0,B,1,408.3,8900393237624,2022-09-17,,Kestrel Foods Ltd,ACTIVE,,
233,SKU00233,Kestrel Select Atta 200ml,Kestrel,Staples,Atta,200.0,ML,6,59.0,40.75,18.0,722473,271,AMBIENT,0,A,2,212.2,8906085459188,2023-07-20,,Bluepeak Beverages,ACTIVE,,
234,SKU00234,Coastline Atta 200ml,Coastline,Staples,Atta,200.0,ML,24,144.0,100.36,5.0,326120,328,AMBIENT,0,A,2,226.5,8905402173442,2023-06-15,,Hillfare Dairy Co-op,ACTIVE,,
235,SKU00235,Amrit Valley Atta 750g,Amrit,Staples,Atta,750.0,G,6,171.0,138.58,0.0,998112,249,AMBIENT,0,A,1,767.1,8908493211460,2023-12-31,,Kestrel Foods Ltd,ACTIVE,,
236,SKU00236,Coastline Atta 1000ml,Coastline,Staples,Atta,1000.0,ML,30,84.0,66.1,18.0,441575,254,AMBIENT,0,B,1,1108.0,8903567667847,2020-05-29,,Coastline Marine,ACTIVE,,
237,SKU00237,Coastline Atta 200g,Coastline,Staples,Atta,200.0,G,12,136.0,92.96,12.0,315646,299,AMBIENT,0,A,2,218.4,8901017409017,2022-07-11,,Kestrel Foods Ltd,ACTIVE,,
238,SKU00238,Marwar Rice 100ml,Marwar,Staples,Rice,100.0,ML,30,394.0,273.65,5.0,838279,224,AMBIENT,0,A,1,97.4,8906393395517,2024-03-30,,Coastline Marine,ACTIVE,,
239,SKU00239,Coastline Rice 750g,Coastline,Staples,Rice,750.0,G,8,472.0,377.07,12.0,572709,263,AMBIENT,0,A,1,768.5,8900540169614,2021-10-26,,Bluepeak Beverages,ACTIVE,,
240,SKU00240,Marwar Rice 100g,Marwar,Staples,Rice,100.0,G,10,480.0,331.1,0.0,424129,187,AMBIENT,0,A,1,107.9,8903832003103,2021-07-11,,Hillfare Dairy Co-op,ACTIVE,,
241,SKU00241,Coastline Rice 200ml,Coastline,Staples,Rice,200.0,ML,8,107.0,87.0,0.0,264486,262,AMBIENT,0,A,1,197.2,8908932799884,2022-02-17,,Bluepeak Beverages,ACTIVE,,
242,SKU00242,Hillfare Rice 100g,Hillfare,Staples,Rice,100.0,G,12,336.0,255.15,18.0,842582,340,AMBIENT,0,A,2,106.4,8901265391506,2021-09-21,,Bluepeak Beverages,ACTIVE,,
243,SKU00243,Amrit Valley Rice 400ml,Amrit,Staples,Rice,400.0,ML,24,288.0,225.19,0.0,624759,241,AMBIENT,0,C,5,396.3,8903430623106,2023-06-20,,Marwar Agro,ACTIVE,,
244,SKU00244,Kestrel Rice 100g,Kestrel,Staples,Rice,100.0,G,10,391.0,303.18,12.0,388704,357,AMBIENT,0,C,5,100.6,8905538342971,2021-06-07,,Kestrel Foods Ltd,ACTIVE,,
245,SKU00245,Hillfare Rice 500g,Hillfare,Staples,Rice,500.0,G,30,90.0,65.92,5.0,250224,246,AMBIENT,0,A,2,522.9,8900195503156,2023-05-08,,Kestrel Foods Ltd,ACTIVE,,
246,SKU00246,Hillfare Rice 250kg,Hillfare,Staples,Rice,250.0,KG,24,469.0,337.59,0.0,342040,294,AMBIENT,0,B,1,243.1,8903192093358,2021-08-14,,Hillfare Dairy Co-op,ACTIVE,,
247,SKU00247,Coastline Rice 400g,Coastline,Staples,Rice,400.0,G,30,458.0,323.28,12.0,292824,202,AMBIENT,0,C,2,432.9,8904416124272,2021-11-28,,Hillfare Dairy Co-op,ACTIVE,,
248,SKU00248,Hillfare Rice 750ml,Hillfare,Staples,Rice,750.0,ML,10,214.0,146.53,0.0,666005,213,AMBIENT,0,B,5,857.0,8909026581447,2020-03-22,,Bluepeak Beverages,ACTIVE,,
249,SKU00249,Marwar Rice 750g,Marwar,Staples,Rice,750.0,G,10,251.0,209.96,12.0,804207,289,AMBIENT,0,B,1,772.2,8909471489481,2023-09-08,,Kestrel Foods Ltd,ACTIVE,,
250,SKU00250,Kestrel Select Rice 150kg,Kestrel,Staples,Rice,150.0,KG,10,449.0,352.4,0.0,849988,274,AMBIENT,0,A,1,158.9,8908092232948,2021-05-02,,Coastline Marine,ACTIVE,,
251,SKU00251,Coastline Rice 500g,Coastline,Staples,Rice,500.0,G,30,358.0,255.65,5.0,576663,189,AMBIENT,0,A,5,546.7,8904721126535,2022-07-14,,Bluepeak Beverages,ACTIVE,,
252,SKU00252,Amrit Valley Pulses 200ml,Amrit,Staples,Pulses,200.0,ML,10,322.0,260.55,0.0,212033,340,AMBIENT,0,C,1,216.3,8907277427069,2023-08-11,,Hillfare Dairy Co-op,ACTIVE,,
253,SKU00253,Hillfare Pulses 1000ml,Hillfare,Staples,Pulses,1000.0,ML,12,167.0,119.34,0.0,621745,202,AMBIENT,0,C,1,968.4,8902433143583,2021-05-19,,Kestrel Foods Ltd,ACTIVE,,
254,SKU00254,Bluepeak Pulses 200ml,Bluepeak,Staples,Pulses,200.0,ML,12,156.0,117.05,0.0,526498,320,AMBIENT,0,B,1,216.9,8900238599747,2021-01-03,,Hillfare Dairy Co-op,ACTIVE,,
255,SKU00255,Kestrel Pulses 500ml,Kestrel,Staples,Pulses,500.0,ML,24,458.0,340.28,18.0,857742,204,AMBIENT,0,B,1,544.7,8909155637996,2023-02-28,,Kestrel Foods Ltd,ACTIVE,,
256,SKU00256,Marwar Pulses 100g,Marwar,Staples,Pulses,100.0,G,30,163.0,110.9,0.0,571117,230,AMBIENT,0,A,2,96.9,8902327913407,2024-02-06,,Coastline Marine,ACTIVE,,
257,SKU00257,Kestrel Pulses 750ml,Kestrel,Staples,Pulses,750.0,ML,30,334.0,261.82,0.0,277467,224,AMBIENT,0,A,2,790.3,8908673401885,2020-09-28,,Marwar Agro,ACTIVE,,
258,SKU00258,Kestrel Pulses 400ml,Kestrel,Staples,Pulses,400.0,ML,30,209.0,174.1,12.0,150516,259,AMBIENT,0,B,1,396.5,8909261002636,2023-01-11,,Hillfare Dairy Co-op,ACTIVE,,
259,SKU00259,Hillfare Pulses 1000g,Hillfare,Staples,Pulses,1000.0,G,30,422.0,310.47,12.0,853610,209,AMBIENT,0,A,5,975.2,8906801793211,2024-02-26,,Kestrel Foods Ltd,ACTIVE,,
260,SKU00260,Marwar Pulses 1000g,Marwar,Staples,Pulses,1000.0,G,8,121.0,99.62,5.0,627895,257,AMBIENT,0,B,5,964.3,8908566165552,2020-07-21,,Kestrel Foods Ltd,ACTIVE,,
261,SKU00261,Coastline Pulses 100g,Coastline,Staples,Pulses,100.0,G,30,232.0,161.58,0.0,193038,234,AMBIENT,0,A,1,97.4,8904463946876,2022-04-27,2025-06-26,Marwar Agro,DISCONTINUED,,
262,SKU00262,Amrit Valley Pulses 400g,Amrit,Staples,Pulses,400.0,G,30,403.0,335.78,18.0,386254,202,AMBIENT,0,C,5,454.4,8903320394897,2023-09-05,,Marwar Agro,ACTIVE,,
263,SKU00263,Amrit Valley Pulses 200kg,Amrit,Staples,Pulses,200.0,KG,24,322.0,232.59,12.0,356796,231,AMBIENT,0,A,2,195.6,8902070473097,2023-11-26,,Hillfare Dairy Co-op,ACTIVE,,
264,SKU00264,Kestrel Pulses 500kg,Kestrel,Staples,Pulses,500.0,KG,10,70.0,50.05,12.0,381422,331,AMBIENT,0,C,1,544.8,8905804197282,2024-11-14,,Bluepeak Beverages,ACTIVE,,
265,SKU00265,Amrit Valley Pulses 400kg,Amrit,Staples,Pulses,400.0,KG,8,351.0,246.74,18.0,628641,275,AMBIENT,0,B,1,425.8,8907222339284,2023-02-12,,Kestrel Foods Ltd,ACTIVE,,
266,SKU00266,Kestrel Sugar 200g,Kestrel,Staples,Sugar,200.0,G,10,179.0,125.95,12.0,832989,275,AMBIENT,0,B,5,226.0,8903284263548,2021-04-09,,Marwar Agro,ACTIVE,,
267,SKU00267,Kestrel Sugar 100g,Kestrel,Staples,Sugar,100.0,G,6,87.0,69.83,5.0,734498,265,AMBIENT,0,A,1,96.1,8905060976221,2023-01-05,,Bluepeak Beverages,ACTIVE,,
268,SKU00268,Kestrel Sugar 750ml,Kestrel,Staples,Sugar,750.0,ML,8,230.0,157.69,0.0,431590,320,AMBIENT,0,B,5,753.7,8907419104720,2023-04-24,,Bluepeak Beverages,ACTIVE,,
269,SKU00269,Amrit Valley Sugar 100kg,Amrit,Staples,Sugar,100.0,KG,30,396.0,272.47,5.0,160030,212,AMBIENT,0,C,1,105.0,8904728456851,2023-04-15,,Bluepeak Beverages,ACTIVE,,
270,SKU00270,Amrit Valley Sugar 500ml,Amrit,Staples,Sugar,500.0,ML,30,272.0,190.61,18.0,583851,236,AMBIENT,0,C,1,548.7,8904814085035,2021-08-20,,Bluepeak Beverages,ACTIVE,,
271,SKU00271,Coastline Sugar 400g,Coastline,Staples,Sugar,400.0,G,6,314.0,213.98,12.0,577333,361,AMBIENT,0,A,1,459.4,8903810031469,2021-02-16,,Hillfare Dairy Co-op,ACTIVE,,
272,SKU00272,Coastline Sugar 250g,Coastline,Staples,Sugar,250.0,G,6,186.0,129.6,18.0,273874,331,AMBIENT,0,C,1,287.3,8900962619913,2024-06-19,,Kestrel Foods Ltd,ACTIVE,,
273,SKU00273,Amrit Valley Sugar 1000g,Amrit,Staples,Sugar,1000.0,G,8,453.0,327.91,18.0,680682,200,AMBIENT,0,B,1,1102.4,8900144248952,2020-03-30,,Bluepeak Beverages,ACTIVE,,
274,SKU00274,Kestrel Select Ketchup 150g,Kestrel,Sauces,Ketchup,150.0,G,30,296.0,234.03,18.0,613443,289,AMBIENT,0,C,5,161.3,8904271067555,2024-11-25,,Kestrel Foods Ltd,ACTIVE,,
275,SKU00275,Marwar Ketchup 150ml,Marwar,Sauces,Ketchup,150.0,ML,12,392.0,299.23,5.0,887456,428,AMBIENT,0,B,2,157.6,8902772330599,2020-09-05,,Hillfare Dairy Co-op,ACTIVE,,
276,SKU00276,Marwar Ketchup 500kg,Marwar,Sauces,Ketchup,500.0,KG,30,244.0,178.64,18.0,139156,391,AMBIENT,0,A,5,505.9,8900071207053,2023-10-20,,Marwar Agro,ACTIVE,,
277,SKU00277,Kestrel Select Ketchup 100g,Kestrel,Sauces,Ketchup,100.0,G,8,381.0,304.85,5.0,801142,319,AMBIENT,0,B,2,97.7,8906450749278,2020-12-17,,Coastline Marine,ACTIVE,,
278,SKU00278,Amrit Valley Ketchup 750g,Amrit,Sauces,Ketchup,750.0,G,12,170.0,118.99,0.0,984956,268,AMBIENT,0,B,1,816.2,8905499313831,2024-03-18,,Bluepeak Beverages,ACTIVE,,
279,SKU00279,Marwar Ketchup 1000ml,Marwar,Sauces,Ketchup,1000.0,ML,8,222.0,165.44,18.0,721746,339,AMBIENT,0,C,1,1105.3,8903244268169,2022-02-23,,Bluepeak Beverages,ACTIVE,,
280,SKU00280,Hillfare Ketchup 750kg,Hillfare,Sauces,Ketchup,750.0,KG,6,51.0,38.3,12.0,911213,380,AMBIENT,0,A,5,781.3,8904949435769,2022-06-18,,Bluepeak Beverages,ACTIVE,,
281,SKU00281,Bluepeak Ketchup 400g,Bluepeak,Sauces,Ketchup,400.0,G,30,374.0,299.33,0.0,773780,424,AMBIENT,0,B,1,424.3,8900677726346,2024-03-02,,Bluepeak Beverages,ACTIVE,,
282,SKU00282,Amrit Valley Ketchup 400g,Amrit,Sauces,Ketchup,400.0,G,6,272.0,214.28,5.0,704061,275,AMBIENT,0,B,5,393.1,8902282462826,2021-07-23,,Bluepeak Beverages,ACTIVE,,
283,SKU00283,Hillfare Mayonnaise 750ml,Hillfare,Sauces,Mayonnaise,750.0,ML,10,452.0,330.73,0.0,980700,369,AMBIENT,0,C,5,761.0,8906231658081,2023-10-04,,Kestrel Foods Ltd,ACTIVE,,
284,SKU00284,Hillfare Mayonnaise 750ml,Hillfare,Sauces,Mayonnaise,750.0,ML,6,32.0,22.21,12.0,558836,241,AMBIENT,0,C,2,858.9,8909055816276,2024-09-23,,Coastline Marine,ACTIVE,,
285,SKU00285,Coastline Mayonnaise 400ml,Coastline,Sauces,Mayonnaise,400.0,ML,10,389.0,290.27,5.0,472415,518,AMBIENT,0,A,1,433.8,8901482188687,2023-01-04,2025-09-23,Coastline Marine,DISCONTINUED,,
286,SKU00286,Marwar Mayonnaise 400kg,Marwar,Sauces,Mayonnaise,400.0,KG,12,194.0,154.0,5.0,199133,392,AMBIENT,0,B,5,449.5,8908481723083,2024-07-21,,Hillfare Dairy Co-op,ACTIVE,,
287,SKU00287,Hillfare Mayonnaise 150g,Hillfare,Sauces,Mayonnaise,150.0,G,6,448.0,349.05,12.0,285894,525,AMBIENT,0,B,1,156.1,8903138464658,2020-03-20,,Kestrel Foods Ltd,ACTIVE,,
288,SKU00288,Amrit Valley Mayonnaise 750g,Amrit,Sauces,Mayonnaise,750.0,G,12,210.0,148.26,12.0,609090,290,AMBIENT,0,B,1,726.6,8902667320664,2023-02-03,,Coastline Marine,ACTIVE,,
289,SKU00289,Amrit Valley Mayonnaise 400ml,Amrit,Sauces,Mayonnaise,400.0,ML,6,166.0,131.66,18.0,222878,348,AMBIENT,0,B,1,448.6,8902766398040,2020-01-30,,Hillfare Dairy Co-op,ACTIVE,,
290,SKU00290,Marwar Mayonnaise 200kg,Marwar,Sauces,Mayonnaise,200.0,KG,10,274.0,214.73,18.0,938540,458,AMBIENT,0,A,1,211.8,8904873025204,2024-08-03,,Hillfare Dairy Co-op,ACTIVE,,
291,SKU00291,Kestrel Mayonnaise 500ml,Kestrel,Sauces,Mayonnaise,500.0,ML,24,176.0,120.69,12.0,176027,327,AMBIENT,0,C,2,548.9,8905314229887,2024-03-31,,Bluepeak Beverages,ACTIVE,,
292,SKU00292,Kestrel Select Mayonnaise 500g,Kestrel,Sauces,Mayonnaise,500.0,G,8,98.0,76.4,18.0,510110,258,AMBIENT,0,C,1,540.1,8909811861073,2022-01-09,2025-10-18,Marwar Agro,DISCONTINUED,,
293,SKU00293,Kestrel Select Mayonnaise 500kg,Kestrel,Sauces,Mayonnaise,500.0,KG,8,31.0,23.79,18.0,370048,297,AMBIENT,0,B,2,501.1,8901141015237,2023-02-27,,Hillfare Dairy Co-op,ACTIVE,,
294,SKU00294,Hillfare Mayonnaise 200g,Hillfare,Sauces,Mayonnaise,200.0,G,24,461.0,364.89,18.0,607091,295,AMBIENT,0,B,2,190.8,8907017216327,2024-10-02,,Hillfare Dairy Co-op,ACTIVE,,
295,SKU00295,Coastline Mayonnaise 750g,Coastline,Sauces,Mayonnaise,750.0,G,24,364.0,272.27,0.0,930324,249,AMBIENT,0,C,1,770.4,8909034304676,2020-06-27,,Hillfare Dairy Co-op,ACTIVE,,
296,SKU00296,Hillfare Mayonnaise 150kg,Hillfare,Sauces,Mayonnaise,150.0,KG,30,343.0,264.89,18.0,965671,496,AMBIENT,0,C,1,160.6,8909324327070,2020-03-16,,Coastline Marine,ACTIVE,,
297,SKU00297,Marwar Chutney 750g,Marwar,Sauces,Chutney,750.0,G,12,93.0,69.68,5.0,847494,349,AMBIENT,0,B,2,756.6,8902153050056,2024-11-16,,Marwar Agro,ACTIVE,,
298,SKU00298,Hillfare Chutney 1000ml,Hillfare,Sauces,Chutney,1000.0,ML,12,167.0,131.35,5.0,634614,479,AMBIENT,0,C,2,1147.0,8902650752289,2020-10-12,2025-12-13,Kestrel Foods Ltd,DISCONTINUED,,
299,SKU00299,Kestrel Select Chutney 250ml,Kestrel,Sauces,Chutney,250.0,ML,30,331.0,234.94,5.0,198949,387,AMBIENT,0,B,1,244.2,8909457862337,2023-05-30,,Coastline Marine,ACTIVE,,
300,SKU00300,Bluepeak Chutney 100kg,Bluepeak,Sauces,Chutney,100.0,KG,10,303.0,250.07,18.0,757939,389,AMBIENT,0,C,1,98.5,8902985320115,2022-06-17,,Kestrel Foods Ltd,ACTIVE,,
301,SKU00301,Kestrel Select Chutney 400ml,Kestrel,Sauces,Chutney,400.0,ML,10,74.0,53.3,5.0,573345,304,AMBIENT,0,A,1,420.6,8905919520296,2024-05-08,,Marwar Agro,ACTIVE,,
302,SKU00302,Kestrel Chutney 400g,Kestrel,Sauces,Chutney,400.0,G,12,53.0,40.93,5.0,271403,329,AMBIENT,0,C,2,403.8,8908621153524,2023-05-18,,Coastline Marine,ACTIVE,,
303,SKU00303,Kestrel Chutney 750g,Kestrel,Sauces,Chutney,750.0,G,12,287.0,202.73,0.0,809299,323,AMBIENT,0,C,2,719.5,8902210583940,2021-07-13,,Coastline Marine,ACTIVE,,
304,SKU00304,Coastline Chutney 100g,Coastline,Sauces,Chutney,100.0,G,24,185.0,145.31,18.0,317157,422,AMBIENT,0,C,1,104.6,8902248368143,2024-08-30,,Bluepeak Beverages,ACTIVE,,
305,SKU00305,Amrit Valley Chutney 1000ml,Amrit,Sauces,Chutney,1000.0,ML,24,200.0,148.26,5.0,742078,537,AMBIENT,0,B,5,1127.3,8903815415048,2022-11-16,,Bluepeak Beverages,ACTIVE,,
306,SKU00306,Kestrel Select Chutney 750ml,Kestrel,Sauces,Chutney,750.0,ML,8,311.0,235.43,0.0,162343,539,AMBIENT,0,C,1,761.2,8905768039713,2022-05-06,,Marwar Agro,ACTIVE,,
307,SKU00307,Kestrel Select Chutney 250g,Kestrel,Sauces,Chutney,250.0,G,10,191.0,134.8,12.0,641385,249,AMBIENT,0,A,5,254.0,8909910258651,2021-10-24,,Hillfare Dairy Co-op,ACTIVE,,
308,SKU00308,Coastline Chutney 500ml,Coastline,Sauces,Chutney,500.0,ML,24,305.0,212.89,5.0,923564,256,AMBIENT,0,B,1,518.4,8905686990312,2023-09-04,2026-05-02,Marwar Agro,DISCONTINUED,,
309,SKU00309,Kestrel Select Chutney 200g,Kestrel,Sauces,Chutney,200.0,G,12,106.0,77.21,5.0,863159,277,AMBIENT,0,B,1,224.3,8908884331079,2021-12-22,2025-12-17,Marwar Agro,DISCONTINUED,,
310,SKU00310,Amrit Valley Chutney 250ml,Amrit,Sauces,Chutney,250.0,ML,10,448.0,350.7,12.0,395651,498,AMBIENT,0,B,1,272.3,8905921525741,2022-06-10,,Hillfare Dairy Co-op,ACTIVE,,
311,SKU00311,Hillfare Instant Noodles 400g,Hillfare,Ready to Eat,Instant Noodles,400.0,G,8,228.0,164.38,12.0,697946,234,AMBIENT,0,B,5,413.7,8904834508387,2020-09-30,,Marwar Agro,ACTIVE,,
312,SKU00312,Marwar Instant Noodles 250g,Marwar,Ready to Eat,Instant Noodles,250.0,G,12,150.0,115.25,12.0,960073,279,AMBIENT,0,A,1,253.9,8903362843467,2021-06-20,,Hillfare Dairy Co-op,ACTIVE,,
313,SKU00313,Hillfare Instant Noodles 1000g,Hillfare,Ready to Eat,Instant Noodles,1000.0,G,10,99.0,75.08,5.0,485107,188,AMBIENT,0,B,2,1085.4,8901783134574,2021-06-29,,Bluepeak Beverages,ACTIVE,,
314,SKU00314,Amrit Valley Instant Noodles 1000g,Amrit,Ready to Eat,Instant Noodles,1000.0,G,30,421.0,325.54,12.0,977959,264,AMBIENT,0,A,1,1129.0,8907798877886,2023-09-14,,Marwar Agro,ACTIVE,,
315,SKU00315,Kestrel Instant Noodles 750ml,Kestrel,Ready to Eat,Instant Noodles,750.0,ML,8,268.0,222.5,12.0,108752,190,AMBIENT,0,A,2,723.1,8905761395920,2021-06-08,,Bluepeak Beverages,ACTIVE,,
316,SKU00316,Hillfare Instant Noodles 150g,Hillfare,Ready to Eat,Instant Noodles,150.0,G,12,285.0,215.47,12.0,620910,188,AMBIENT,0,C,1,148.3,8904819377109,2022-05-01,,Marwar Agro,ACTIVE,,
317,SKU00317,Kestrel Select Instant Noodles 100g,Kestrel,Ready to Eat,Instant Noodles,100.0,G,30,66.0,54.53,18.0,207294,261,AMBIENT,0,A,5,113.3,8909026169995,2020-07-21,,Marwar Agro,ACTIVE,,
318,SKU00318,Bluepeak Instant Noodles 1000ml,Bluepeak,Ready to Eat,Instant Noodles,1000.0,ML,12,79.0,59.17,0.0,529464,206,AMBIENT,0,B,1,1132.3,8908564867017,2022-10-22,,Coastline Marine,ACTIVE,,
319,SKU00319,Bluepeak Soup 1000g,Bluepeak,Ready to Eat,Soup,1000.0,G,24,466.0,373.55,18.0,239545,247,AMBIENT,0,A,1,1104.4,8906582877085,2021-01-17,,Marwar Agro,ACTIVE,,
320,SKU00320,Marwar Soup 150g,Marwar,Ready to Eat,Soup,150.0,G,24,284.0,198.88,18.0,258592,202,AMBIENT,0,A,5,168.4,8908165785418,2020-03-31,,Kestrel Foods Ltd,ACTIVE,,
321,SKU00321,Marwar Soup 500ml,Marwar,Ready to Eat,Soup,500.0,ML,30,310.0,254.72,5.0,489605,217,AMBIENT,0,B,1,575.0,8903125006154,2024-08-10,,Bluepeak Beverages,ACTIVE,,
322,SKU00322,Hillfare Soup 250ml,Hillfare,Ready to Eat,Soup,250.0,ML,8,258.0,183.89,12.0,340102,275,AMBIENT,0,A,1,250.9,8900311161849,2021-06-11,,Kestrel Foods Ltd,ACTIVE,,
323,SKU00323,Kestrel Soup 250g,Kestrel,Ready to Eat,Soup,250.0,G,6,51.0,39.18,0.0,167586,218,AMBIENT,0,B,1,263.8,8901107566860,2024-05-06,,Kestrel Foods Ltd,ACTIVE,,
324,SKU00324,Kestrel Select Soup 250ml,Kestrel,Ready to Eat,Soup,250.0,ML,30,295.0,216.85,0.0,203280,285,AMBIENT,0,A,5,260.1,8905440130619,2023-09-24,,Hillfare Dairy Co-op,ACTIVE,,
325,SKU00325,Amrit Valley Soup 400kg,Amrit,Ready to Eat,Soup,400.0,KG,6,23.0,17.2,0.0,801700,215,AMBIENT,0,B,5,387.5,8908163461814,2021-10-12,,Hillfare Dairy Co-op,ACTIVE,,
326,SKU00326,Kestrel Soup 1000kg,Kestrel,Ready to Eat,Soup,1000.0,KG,8,177.0,143.73,12.0,494249,244,AMBIENT,0,A,2,1013.0,8908499216439,2020-07-14,,Hillfare Dairy Co-op,ACTIVE,,
327,SKU00327,Coastline Soup 400ml,Coastline,Ready to Eat,Soup,400.0,ML,30,446.0,310.28,12.0,955293,193,AMBIENT,0,B,1,436.7,8904374530276,2024-04-06,,Hillfare Dairy Co-op,ACTIVE,,
328,SKU00328,Kestrel Soup 400ml,Kestrel,Ready to Eat,Soup,400.0,ML,30,88.0,65.32,0.0,484505,205,AMBIENT,0,B,5,387.4,8908016595120,2020-07-17,,Hillfare Dairy Co-op,ACTIVE,,
329,SKU00329,Hillfare Soup 750ml,Hillfare,Ready to Eat,Soup,750.0,ML,24,129.0,91.25,18.0,612619,271,AMBIENT,0,A,1,803.6,8905900667152,2024-05-15,,Hillfare Dairy Co-op,ACTIVE,,
330,SKU00330,Marwar Soup 750ml,Marwar,Ready to Eat,Soup,750.0,ML,6,381.0,280.94,12.0,932679,282,AMBIENT,0,A,2,719.6,8902546533948,2022-09-13,,Marwar Agro,ACTIVE,,
331,SKU00331,Bluepeak Soup 400ml,Bluepeak,Ready to Eat,Soup,400.0,ML,30,358.0,273.4,12.0,707395,190,AMBIENT,0,B,1,398.0,8905511251484,2023-08-29,2026-04-20,Marwar Agro,DISCONTINUED,,
332,SKU00332,Hillfare Soup 500ml,Hillfare,Ready to Eat,Soup,500.0,ML,12,444.0,307.56,12.0,181214,279,AMBIENT,0,A,5,528.3,8900664142889,2023-08-14,,Bluepeak Beverages,ACTIVE,,
333,SKU00333,Kestrel Curry Pouch 500ml,Kestrel,Ready to Eat,Curry Pouch,500.0,ML,30,255.0,178.39,5.0,151627,205,AMBIENT,0,A,2,556.8,8905614182566,2021-09-04,,Kestrel Foods Ltd,ACTIVE,,
334,SKU00334,Bluepeak Curry Pouch 1000ml,Bluepeak,Ready to Eat,Curry Pouch,1000.0,ML,12,176.0,125.6,0.0,111214,296,AMBIENT,0,A,1,1074.0,8902877715646,2020-10-26,,Coastline Marine,ACTIVE,,
335,SKU00335,Coastline Curry Pouch 250ml,Coastline,Ready to Eat,Curry Pouch,250.0,ML,10,177.0,140.95,18.0,386341,255,AMBIENT,0,B,1,278.4,8907280565207,2020-05-15,2025-12-06,Kestrel Foods Ltd,DISCONTINUED,,
336,SKU00336,Marwar Curry Pouch 100g,Marwar,Ready to Eat,Curry Pouch,100.0,G,8,469.0,329.37,12.0,677715,260,AMBIENT,0,C,1,101.6,8904972263931,2021-05-15,,Hillfare Dairy Co-op,ACTIVE,,
337,SKU00337,Amrit Valley Curry Pouch 750g,Amrit,Ready to Eat,Curry Pouch,750.0,G,12,421.0,306.66,5.0,188738,224,AMBIENT,0,B,1,753.2,8902655979402,2024-09-14,,Kestrel Foods Ltd,ACTIVE,,
338,SKU00338,Hillfare Curry Pouch 100g,Hillfare,Ready to Eat,Curry Pouch,100.0,G,24,349.0,274.61,0.0,222182,257,AMBIENT,0,C,1,107.8,8900455745650,2020-10-08,,Hillfare Dairy Co-op,ACTIVE,,
339,SKU00339,Kestrel Curry Pouch 250g,Kestrel,Ready to Eat,Curry Pouch,250.0,G,8,261.0,178.95,5.0,669545,232,AMBIENT,0,A,2,272.1,8900116010119,2024-11-29,,Hillfare Dairy Co-op,ACTIVE,,
340,SKU00340,Kestrel Select Curry Pouch 1000ml,Kestrel,Ready to Eat,Curry Pouch,1000.0,ML,8,82.0,65.87,5.0,544655,233,AMBIENT,0,B,1,969.1,8908372354957,2023-12-20,,Bluepeak Beverages,ACTIVE,,
341,SKU00341,Amrit Valley Curry Pouch 100g,Amrit,Ready to Eat,Curry Pouch,100.0,G,8,300.0,224.24,5.0,691372,239,AMBIENT,0,B,2,105.6,8909659655491,2024-04-15,,Coastline Marine,ACTIVE,,
